{
  "uid" : "b1a8273437954620fa374b796ffaacdd",
  "name" : "behaviors",
  "children" : [ {
    "name" : "test_SPPP_02",
    "uid" : "b64a3ccd720cfd4a",
    "parentUid" : "b1a8273437954620fa374b796ffaacdd",
    "status" : "passed",
    "time" : {
      "start" : 1595232364366,
      "stop" : 1595232364701,
      "duration" : 335
    },
    "flaky" : false,
    "parameters" : [ ]
  }, {
    "name" : "test_SPPP_211",
    "uid" : "e36d98868492e893",
    "parentUid" : "b1a8273437954620fa374b796ffaacdd",
    "status" : "passed",
    "time" : {
      "start" : 1595232364703,
      "stop" : 1595232365456,
      "duration" : 753
    },
    "flaky" : false,
    "parameters" : [ ]
  }, {
    "name" : "test_SPPP_222",
    "uid" : "d05c1adc75ae717f",
    "parentUid" : "b1a8273437954620fa374b796ffaacdd",
    "status" : "passed",
    "time" : {
      "start" : 1595232365459,
      "stop" : 1595232366263,
      "duration" : 804
    },
    "flaky" : false,
    "parameters" : [ ]
  }, {
    "name" : "test_SPPP_334",
    "uid" : "e5ed8ca31dc1b975",
    "parentUid" : "b1a8273437954620fa374b796ffaacdd",
    "status" : "failed",
    "time" : {
      "start" : 1595232366266,
      "stop" : 1595232366929,
      "duration" : 663
    },
    "flaky" : false,
    "parameters" : [ ]
  } ]
}