{
  "uid" : "4b4757e66a1912dae1a509f688f20b0f",
  "name" : "categories",
  "children" : [ {
    "name" : "Product defects",
    "children" : [ {
      "name" : "AssertionError",
      "children" : [ {
        "name" : "test_SPPP_334",
        "uid" : "e5ed8ca31dc1b975",
        "parentUid" : "a0017ad855102fea08b8682d27fec4ca",
        "status" : "failed",
        "time" : {
          "start" : 1595232366266,
          "stop" : 1595232366929,
          "duration" : 663
        },
        "flaky" : false,
        "parameters" : [ ]
      } ],
      "uid" : "a0017ad855102fea08b8682d27fec4ca"
    } ],
    "uid" : "8fb3a91ba5aaf9de24cc8a92edc82b5d"
  } ]
}