[ {
  "uid" : "e5ed8ca31dc1b975",
  "name" : "test_SPPP_334",
  "time" : {
    "start" : 1595232366266,
    "stop" : 1595232366929,
    "duration" : 663
  },
  "status" : "failed",
  "severity" : "normal"
}, {
  "uid" : "b64a3ccd720cfd4a",
  "name" : "test_SPPP_02",
  "time" : {
    "start" : 1595232364366,
    "stop" : 1595232364701,
    "duration" : 335
  },
  "status" : "passed",
  "severity" : "normal"
}, {
  "uid" : "e36d98868492e893",
  "name" : "test_SPPP_211",
  "time" : {
    "start" : 1595232364703,
    "stop" : 1595232365456,
    "duration" : 753
  },
  "status" : "passed",
  "severity" : "normal"
}, {
  "uid" : "d05c1adc75ae717f",
  "name" : "test_SPPP_222",
  "time" : {
    "start" : 1595232365459,
    "stop" : 1595232366263,
    "duration" : 804
  },
  "status" : "passed",
  "severity" : "normal"
} ]